reference,created_time,updated_time,balanced_time
dienToJp,2025-02-23T00:00:00Z,2025-02-23T00:00:00Z,2024-05-07T08:00:00Z
nbnAySuF,2025-02-23T00:00:00Z,2025-02-23T00:00:00Z,2024-06-05T08:00:00Z
BW7DnxVN,2025-02-23T00:00:00Z,2025-02-23T00:00:00Z,2024-07-05T08:00:00Z
nE8aQnzk,2025-02-23T00:00:00Z,2025-02-23T00:00:00Z,2024-08-05T08:00:00Z
URx7nTtX,2025-02-23T00:00:00Z,2025-02-23T00:00:00Z,2024-09-05T08:00:00Z
RasSgRUe,2025-02-23T00:00:00Z,2025-02-23T00:00:00Z,2024-10-04T08:00:00Z
b5Y6EieN,2025-02-23T00:00:00Z,2025-02-23T00:00:00Z,2024-11-06T08:00:00Z
3ZumTg3X,2025-02-23T00:00:00Z,2025-02-23T00:00:00Z,2024-12-08T03:00:00Z
CqC5phZg,2025-02-23T00:00:00Z,2025-02-23T00:00:00Z,2025-01-05T00:00:00Z
EMyzZpEy,2025-02-23T00:00:00Z,2025-02-23T00:00:00Z,2025-02-08T00:00:00Z
FjVTND3X,2025-03-05T15:12:48Z,2025-03-05T15:23:55Z,2025-03-05T15:00:00Z
